Titulo,Sinopsis,Año,Duracion(min),Calificacion,Genero,Sonido
El sorprendente Hombre-Araña 2 - La amenaza de Electro,"Ser el Hombre Araña (Andrew Garfield) es genial. Para Peter Parker, no hay mejor sensación que columpiarse entre rascacielos, ser el héroe y pasar el tiempo con Gwen (Emma Stone).",2014,141,SAM13,"ACCIÓN, DE AVENTURAS",SONIDO ENVOLVENTE 5.1
La enfermera,"Durante el día, la enfermera Abby Russell se ocupa con cariño de los pacientes de All Saints Memorial Hospital; durante la noche, merodea por los clubes nocturnos, seduciendo a hombres infieles a tener relaciones peligrosas.",2014,83,SAM16,"ERÓTICA, DE TERROR",ESTÉREO
Maria Antonieta La Reina Adolescente,"La historia de Marie-Antoinette, una ingenua austriaca de 14 años que se casó con Luís XVI sin estar preparada para los problemas políticos de ser la Reina de Francia durante la Revolución Francesa.",2006,122,SAM13,DRAMA,SONIDO ENVOLVENTE 5.1
La reina,Hellen Mirren ganó el Oscar a Mejor Actriz en 2006 por su brillante retrato de la Reina Isabel cuando lidiaba con la trágica muerte de la Princesa Diana.,2006,103,SAM13,"BIOGRÁFICA, DRAMA",SONIDO ENVOLVENTE 5.1
Los mensajeros,"Una siniestra oscuridad invade una serena granja de girasoles en Dakota del Norte, y la familia Solomon está destrozada por la sospecha, el caos y el asesinato.",2007,90,SAM13,"DRAMA, DE TERROR",ESTÉREO
Se Dice De Mi,"Cuando se descubre su mentirita blanca de que perdió la virginidad, una chica simple de la secundaria (Emma Stone) ve un paralelo con su vida en ""La letra escarlata"" de Hester Prynne, que está estudiando en la escuela, hasta que decide utilizar la usina de rumores para avanzar en su posición social y financiera.",2010,92,SAM13,COMEDIA,SONIDO ENVOLVENTE 5.1
Si no despierto,"Samantha Kingston (Zoey Deutch), una preparatoriana a punto de graduarse, que lo tiene todo. El 12 de Febrero es sólo otro venturoso día en la vida de Sam hasta que se ve atascada reviviéndolo inexplicablemente durante una semana.",2017,98,SAM13,DRAMA,SONIDO ENVOLVENTE 5.1
Tropa de élite,"Antes de la llegada del Papa a Rio de Janeiro, el Capitán Nascimento de la fuerza BOPE quiere salir de la corporación para dedicarse a enseñar en la academia y poder atender a su esposa embarazada, por lo que debe encontrar un sustituto para su puesto.",2007,115,SAM16,"ACCIÓN, CRIMEN",ESTÉREO
Dredd,"Una prostituta convertida en narcotraficante pretende apoderarse de la futurista ciudad de Mega City One. El juez Dredd, el principal miembro de una fuerza policial de élite, es la última esperanza de la ciudad.",2012,95,SAM16,"ACCIÓN, CIENCIA FICCIÓN",SONIDO ENVOLVENTE 5.1
John Wick 2: Un nuevo día para matar,"En esta secuela del éxito de 2014, el legendario asesino John Wick (Keanu Reeves) se ve obligado a salir del retiro por un ex-asociado que planea obtener el control de un misterioso grupo internacional de asesinos. Obligado a ayudarlo por un juramento de sangre, John emprende un viaje a Roma lleno de adrenalina estremecedora para pelear contra los asesinos más peligrosos del mundo.",2017,122,SAM16,ACCIÓN,SONIDO ENVOLVENTE 5.1
Pobres divas,"Nora y Mary Domínguez, dos hermanas que llevan una vida fácil y llena de lujos en Beverly Hills, lo pierden todo cuando su padre muere súbitamente. Las hermanas van a vivir con su tía a Los Ángeles Este, una zona mucho más humilde de la ciudad.",2011,106,SAM13,"ROMÁNTICA, COMEDIA",ESTÉREO
Repugnante,"Un oficial de policía drogadicto planea arruinar las posibilidades de ascenso de sus colegas por cualquier medio, incluyendo contar secretos y seducir a sus esposas. Basado en la novela de Irvine Welsh.",2014,97,SAM13,DRAMA,ESTÉREO
El Príncipe y yo,"Paige es una estudiante de medicina brillante de un pueblo rural con grandes planes para su futuro. Sin embargo, estos planes quedan en un segundo plano cuando conoce a Eddie, un estudiante de Dinamarca del que se enamora.",2004,110,ATP,"COMEDIA ROMÁNTICA, ADOLESCENTE",ESTÉREO
Elizabeth: La edad de oro,"Cate Blanchett y Geoffrey Rush protagonizan esta emocionante historia de la lucha de una mujer para controlar el amor, aplastar a sus enemigos y consolidarse en el trono de Inglaterra.",2007,114,SAM13,"ACCIÓN, DE AVENTURAS",SONIDO ENVOLVENTE 5.1
Dulce venganza,"Este remake del clásico de 1978 del mismo nombre, cuenta la historia de una mujer que es brutalmente violada y asaltada por cuatro hombres, sobrevive, y toma la ley en sus propias manos buscando venganza contra sus atacantes.",2010,108,SAM16,"DE TERROR, MISTERIO/SUSPENSO",ESTÉREO
The Dresser,"En esta historia perversamente divertida y conmovedora, Sir reflexiona sobre sus logros y busca reconciliar sus turbulentas amistades con sus empleados antes del telón final.",2015,109,SAM13,"DRAMA, LITERARIA",ESTÉREO
Spider-Man: De regreso a casa,Un joven Peter Parker/Hombre Araña comienza a navegar la nueva identidad encontrada como el superhéroe lanzador de la web.,2017,133,SAM13,"ACCIÓN, DE AVENTURAS",SONIDO ENVOLVENTE 5.1
La cabaña,"A raíz de una tragedia personal, Mackenzie Allen Phillips recibe una nota misteriosa invitándolo a “La cabaña.” Mack acude y se ve envuelto en la catarsis de redescubrir la verdad sobre el amor, la esperanza, la pérdida y el perdón.",2017,132,SAM13,DRAMA,SONIDO ENVOLVENTE 5.1
Oscura seducción,"Una cirujana plástica exitosa se embarca en una aventura apasionada con un enfermero, solo para descubrir el lado oscuro de su personalidad que alcanza niveles aterradores cuando ella se ve obligada a terminar su relación.",2011,89,SAM16,ROMÁNTICA,SONIDO ENVOLVENTE 5.1
Día del atentado,La historia del bombardeo de la maratón de Boston del 2013 y la búsqueda de personas en la ciudad para encontrar a los terroristas responsables.,2016,133,SAM16,"ACCIÓN, DRAMA",SONIDO ENVOLVENTE 5.1
Dulce venganza 2,"Del director de la aclamada remake del 2010, este nuevo episodio impactante muestra a una modelo brutalizada que sobrevive para buscar su venganza. Protagonizada por Jemma Dallender y Joe Absolom.",2013,106,SAM16,DE TERROR,ESTÉREO
Laws Of Attraction,"Dos exitosos abogados rivales de Nueva York se enamoran, a pesar de sostener una batalla en dos casos de divorcio.",2004,90,SAM13,"COMEDIA, ROMÁNTICA",ESTÉREO
Crepúsculo,"Una adolescente con problemas se muda con su padre a un pequeño pueblo aislado. Ella se enamora de un misterioso solitario con un secreto impactante, ¿podría tener algo que ver con los asesinatos locales que han comenzado a tener lugar?",2008,121,SAM13,"DRAMA, FANTASÍA",SONIDO ENVOLVENTE 5.1
Cartas a Julieta,"Mientras está de vacaciones en Verona, Sophie se encuentra con una ""carta a Julieta"" y se embarca en una misión para encontrar a su autor.",2010,105,ATP,"COMEDIA, DRAMA",SONIDO ENVOLVENTE 5.1
De Tyler Perry: ¿Por qué me casé también?,"Con el mismo elenco carismático de la exitosa comedia dramática, ""¿Por qué me casé?"", Tyler Perry nos trae el siguiente capítulo en la vida de ocho amigos de la universidad que luchan con los desafíos de la vida conyugal en: ""¿Por qué me casé también?""",2010,120,SAM13,"COMEDIA, DRAMA",SONIDO ENVOLVENTE 5.1
Escondida,Una detective de Boston investiga los cuerpos momificados de seis mujeres.,2011,88,SAM13,"DRAMA, MISTERIO/SUSPENSO",ESTÉREO
Crímenes de lujuria,"Rebeca y Arturo encuentran pasión el uno en el otro - y quizá hasta el amor. Pero sobre todo, tienen una oportunidad: Rebeca quiere asesinar a su esposo y cobrar el seguro, mientras que Arturo podrá poseer a la mujer de sus sueños y todo su dinero.",2011,89,SAM16,ROMÁNTICA,SONIDO ENVOLVENTE 5.1
Horizonte profundo,"Horizonte profundo es una historia llena de heroísmo y acción, basada en los hechos reales que sucedieron en la plataforma de Deepwater Horizon en el Golfo de México en 2010. La historia narra la valentía de los trabajadores de la plataforma y los momentos de coraje. En esta batalla de supervivencia durante lo que se convertía en uno de los mayores desastres naturales hechos por el hombre.",2016,107,SAM13,"ACCIÓN, DRAMA",SONIDO ENVOLVENTE 5.1
Halloween II,"El desquiciado asesino Michael Myers regresa, y está mucho más decidido a asesinar a Laurie Strode. Mientras tanto, ella intenta descubrir la verdad de sus ansias de matarla, y finalmente descubre un secreto impactante.",1981,92,SAM16,DE TERROR,ESTÉREO
Jumanji: En la selva,"Cuatro adolescentes en detención descubren una vieja consola de videojuegos con un juego del que nunca han escuchado. Cuando deciden jugar, son inmediatamente succionador hacia la jungla de Jumanji, convertidos en sus avatares.",2017,119,SAM13,"COMEDIA, FAMILIAR",SONIDO ENVOLVENTE 5.1
Llámame Por Tu Nombre,"A mediados del esplendoroso verano de 1980 en Italia, Elio y Oliver descubren el maravilloso despertar del deseo que cambiara sus vidas por siempre.",2017,131,SAM16,"DRAMA, LITERARIA",SONIDO ENVOLVENTE 5.1
Traficantes por error,"Donald Faison protagoniza como un repartidor desafortunado que se encuentra en el centro de un negocio de drogas que salió horriblemente mal en Traficantes por Error, una comedia de acción estruendosa con un elenco de estrellas.",2009,84,SAM16,"ACCIÓN, COMEDIA",ESTÉREO
Rapture-Palooza,"Después de que el apocalipsis sucede, Lindsey y su novio Ben están entre los que quedaron en la tierra. Las cosas toman un giro aún peor cuando el Anticristo se acerca, y vuelve su atención hacia Lindsey. Decidido a escapar de sus garras y la posibilidad de convertirse en su esposa, la pareja se embarcará en una misión para encontrar una manera de derrotarlo de una vez por todas.",2013,84,SAM16,"COMEDIA, FANTASÍA",SONIDO ENVOLVENTE 5.1
Rápido y fogoso,"Un adolescente desesperado por perder su virginidad convence a sus amigos de ir en un viaje por carretera con él para conocer a una chica que conoció en línea, pero el viaje pronto resulta en una serie de contratiempos hilarantes.",2008,109,SAM16,"COMEDIA, ROMÁNTICA",SONIDO ENVOLVENTE 5.1
Mamma Mia!,"Donna, una madre independiente y soltera, dueña de un pequeño hotel en una idílica isla griega, está a punto de dejar que se marche Sophie, la hija a la que ha criado sola.",2008,108,ATP,"MUSICAL, COMEDIA",SONIDO ENVOLVENTE 5.1
De Tyler Perry: ¿Por qué nos casamos?,"Un grupo de amigos universitarios casados van a Colorado para su reunión anual de una semana. Superficialmente, parece que será como todas las reuniones anteriores que han tenido a lo largo de los años, pero el ánimo cambia cuando la infidelidad de una pareja sale a la luz.",2007,118,SAM13,DRAMA,ESTÉREO
Los juegos del hambre: Sinsajo - Parte 1,"El fenómeno mundial continúa. Katniss (Jennifer Lawrence) sobrevivió y destruyó los Juegos del Hambre, y ahora se levanta con el Distrito 13 para luchar contra el presidente Snow (Donald Sutherland).",2014,122,SAM13,"ACCIÓN, DE AVENTURAS",SONIDO ENVOLVENTE 5.1
Sicario,"En el área fronteriza y anárquica que se extiende entre los Estados Unidos y México, una agente idealista del FBI es reclutada por un funcionario gubernamental élite para ayudar en la creciente guerra contra las drogas.",2015,121,SAM16,"ACCIÓN, SUSPENSO",SONIDO ENVOLVENTE 5.1
De Tyler Perry: El club de las madres solteras,"Cinco madres solteras en problemas dejan de lado sus diferencias para formar un grupo de apoyo, hallan inspiración y humor en su nueva hermandad y se ayudan mutuamente para superar los obstáculos que enfrentan.",2014,111,SAM13,"COMEDIA, DRAMA",SONIDO ENVOLVENTE 5.1
De Tyler Perry Tentación: Confesiones de una consejera matrimonial,"Judith es una mujer trabajadora que está en un matrimonio amoroso pero sin pasión. Conoce a un hombre atractivo y extremadamente rico que la seduce para embarcarse en un amorío candente, pero después de que las cosas toman una serie de giros dramáticos ella encuentra que su vida cambió para siempre.",2013,111,SAM16,"DRAMA, ROMÁNTICA",SONIDO ENVOLVENTE 5.1
El gringo,Un hombre es emboscado en una ciudad fronteriza mexicana llena de gángsters con una bolsa llena de dinero robado y debe encontrar la manera de mantenerse con vida hasta que pueda salir.,2012,98,SAM16,ACCIÓN,SONIDO ENVOLVENTE 5.1
12 Horas,"Hace un año, Jill Parrish sobrevivió al secuestro de un asesino en serie. Cuando llega a casa luego de un turno nocturno descubre que su hermana Molly ha sido secuestrada, y está convencida de que el mismo asesino en serie ha vuelto por su hermana.",2012,94,SAM13,"DRAMA, THRILLER PSICOLÓGICO",SONIDO ENVOLVENTE 5.1
Obsesión Del Pasado,Una ex novia amargada trama su venganza después de que su ex regresa a su ciudad natal con un nueva amante.,2009,95,SAM16,"DRAMA, DE TERROR",SONIDO ENVOLVENTE 5.1
Recuérdame,"Una joven estudiante con problemas se enamora de una chica después de un encuentro casual. Ambos llegan aceptan sus tragedias personales que ayudan a sanar entre sí, pero pronto la verdad detrás de su encuentro amenaza con poner fin a su relación.",2010,112,SAM16,"DRAMA, ROMÁNTICA",SONIDO ENVOLVENTE 5.1
Siniestro,"Un autor se muda con su familia a una casa con un pasado oscuro con la esperanza de encontrar inspiración. Sin embargo, después de descubrir un conjunto de cintas de vídeo escalofriantes en la casa, se hace evidente que están en grave peligro.",2012,110,SAM16,"DE TERROR, MISTERIO",SONIDO ENVOLVENTE 5.1
47 Ronin,"Después de que un traicionero caudillo mate a su señor y los destierre, 47 intrépidos samuráis juran vengarse y recobrar el honor de los suyos.",2013,118,SAM13,"ACCIÓN, DE AVENTURAS",SONIDO ENVOLVENTE 5.1
Dioses de Egipto,"Bek, un héroe mortal, se une al dios Horus en una alianza contra Set, el despiadado dios de las tinieblas, que ha usurpado el trono de Egipto, sumiendo a un imperio que una vez fue pacífico y próspero en el caos y el conflicto.",2016,127,SAM13,"ACCIÓN, DE AVENTURAS",SONIDO ENVOLVENTE 5.1
Extraordinario,"Tanto su familia como sus compañeros de clases y la comunidad en general luchan por encontrar la compasión y la aceptación, el extraordinario viaje de Auggie los unirá y les probará que no puedes mezclarte cuando naciste para sobresalir.",2017,113,ATP,DRAMA,SONIDO ENVOLVENTE 5.1
Hellraiser: Juicio,Tres detectives intentan resolver un asesinato diabólico que los arrastra a las profundidades del infierno en esta próxima edición de la clásica serie HELLRAISER.,2018,81,SAM16,DE TERROR,SONIDO ENVOLVENTE 5.1
Casi Navidad,Una familia disfuncional se reúne para su primera Navidad desde que falleció su mamá.,2016,110,SAM13,"NAVIDEÑA, DRAMA",SONIDO ENVOLVENTE 5.1
Whiplash: Música y obsesión,"El objetivo de Andrew Neiman, un joven y ambicioso baterista de jazz, es triunfar en el elitista Conservatorio de Música de la Costa Este en el que estudia. Marcado por el fracaso de la carrera literaria de su padre, Andrew alberga sueños de grandeza.",2014,106,SAM16,"MÚSICA, DRAMA",SONIDO ENVOLVENTE 5.1
Un paso adelante,"Tyler Gage (Channing Tatum) creció en las duras calles de Baltimore. Un roce con la ley obliga a Tyler a realizar servicio comunitario en la Escuela de artes de Maryland de la ciudad. Allí conoce a Nora(Jenna Dewan), la primera bailarina de la escuela, y toda su vida toma un giro drástico.",2006,103,SAM13,"CRIMEN, DRAMA",SONIDO ENVOLVENTE 5.1
El grito,Karen es una enfermera estadounidense que vive en Tokio y está expuesta a una misteriosa maldición sobrenatural. La maldición es un espíritu vengativo que posee a una persona en una rabia poderosa antes de reclamar su vida.,2004,91,SAM13,"SUSPENSO, MISTERIO/SUSPENSO",SONIDO ENVOLVENTE 5.1
El traidor,"Cuando el honesto agente del FBI, Roy Clayton (Guy Pearce de MEMENTO) encabeza la investigación de una peligrosa conspiración internacional, todas las pistas apuntan al exoficial de Operaciones Especiales de EE. UU., Samir Horn (Don Cheadle de CRASH).",2008,114,SAM13,"ACCIÓN, CRIMEN",ESTÉREO
Apariciones,"Extraños y aterradores sucesos rodean a una familia (Donald Sutherland, Sissy Spacek, Rachel Hurd-Wood) en el estado de Tennessee de 1817 luego de que un ciudadano maldijera al padre. Possession knows no bounds. Basada en el libro de Brent Monahan.",2005,90,SAM16,"DRAMA, HISTÓRICA",ESTÉREO
Ali,"Basada en la vida del tan controvertido, pero indiscutiblemente electrizante boxeador, Muhammad Ali.",2001,156,SAM16,"BIOGRÁFICA, DRAMA",ESTÉREO
2012,"El mundo se enfrenta a una catástrofe de proporciones apocalípticas, las ciudades quedan destruidas y los continentes se desmoronan. En el año 2012 llega el fin del mundo y la heroica lucha de los supervivientes.",2009,157,SAM13,"ACCIÓN, DRAMA",SONIDO ENVOLVENTE 5.1
Open Water,"Dan y Susan están extáticos de estar finalmente en sus tan anticipadas vacaciones tropicales en el Caribe. Sin embargo, después de un error cometido por el personal de su barco, la pareja se queda sola en medio del océano, y su terrible experiencia pronto se convierte en una pesadilla cuando los tiburones comienzan a aparecer. Inspirada en una historia real.",2003,79,SAM16,"DRAMA, DE TERROR",ESTÉREO
Pánico en altamar,"Un grupo de viejos amigos se encuentran para una reunión a bordo de un yate de lujo, pero el evento se convierte en una pesadilla cuando se lanzan al mar a nadar sin primero bajar la escalera.",2006,94,SAM16,"DE AVENTURAS, DRAMA",ESTÉREO
Casino,"Esta historia se desarrolla en Las Vegas, en 1973, y está basada en hechos sobre la operación de un casino multimillonario de la mafia donde las fortunas y las vidas se creaban y se perdían.",1995,178,SAM16,"ACCIÓN, DE AVENTURAS",SONIDO ENVOLVENTE 5.1
Triple X,"Un atleta de deportes extremos, Xander Cage, es reclutado por el gobierno en una misión especial.",2002,124,SAM13,ACCIÓN,SONIDO ENVOLVENTE 5.1
La novia de mi mejor amigo,Tank (Dane Cook) se enfrenta a la mayor prueba de amistad posible cuando su mejor amigo (Jason Biggs) lo contrata para que llevé a su ex novia (Kate Hudson) a una pésima cita con el fin de que note lo gran novio que es él.,2008,100,SAM16,"COMEDIA ROMÁNTICA, ROMÁNTICA",SONIDO ENVOLVENTE 5.1
Crepúsculo La Saga: Amanecer - Parte 1,"Drama de fantasía protagonizada por Robert Pattinson y Kristen Stewart. Después de regresar de su Luna de miel, Bella y Edward se sorprenden al descubrir que están esperando un bebé. Las cosas pronto empeorarán, ya que el embarazo pone en riesgo la salud de Bella y la manada de lobos, que ven al niño por nacer como una amenaza, complotan para asegurar que no llegue a la edad adulta.",2011,117,SAM13,"DE AVENTURAS, DRAMA",SONIDO ENVOLVENTE 5.1
Zombie,"Después del apocalipsis zombie, la sobreviviente Julie es rescatada de un ataque de zombies por R, quién también es uno de los muertos vivientes. Sin embargo, a medida que su relación se desarrolla, R aparentemente comienza a volverse humano de nuevo.",2013,97,SAM13,"COMEDIA, DE TERROR",SONIDO ENVOLVENTE 5.1
Los juegos del hambre: En llamas,"Katniss Everdeen ha regresado a casa a salvo después de ganar los 74º juegos anuales del Hambre. Siente que una rebelión se avecina, pero el Capitolio todavía está en control, ya que los Próximos juegos del Hambre están listos.",2013,146,SAM13,"ACCIÓN, DE AVENTURAS",SONIDO ENVOLVENTE 5.1
El lado oscuro del deseo,"Evan es un hombre casado cuya mujer e hijos están de viaje. Una noche lluviosa acoge a dos chicas que, aunque al principio se muestre reacio, lo seducen. Lo que todavía no sabe son los horribles planes que ellas tienen para él.",2015,99,SAM16,MISTERIO/SUSPENSO,SONIDO ENVOLVENTE 5.1
Escándalo Americano,Thriller político ambientado en los años 70 sobre un agente del FBI que investiga un caso en el que algunos miembros del Congreso aparecen implicados en un delito.,2013,138,SAM16,"COMEDIA, CRIMEN",SONIDO ENVOLVENTE 5.1
Tyler Perry's A Madea Christmas,"A Madea la engatusan para ayudar a una amiga para hacer una visita sorpresa durante la Navidad, a su hija que vive en el campo. Pero la sorpresa mayor es lo que se llevan ellas cuando llegan. Mientras el pueblo se prepara para su fiesta navideña anual, se revelan nuevos secretos y se ponen a prueba viejas amistades entre tanto Madea les sirve a todos su propia marca de espíritu navideño.",2013,99,SAM13,"NAVIDEÑA, COMEDIA",SONIDO ENVOLVENTE 5.1
"¡Bu! 2 Una noche de brujas de Madea, de Tyler Perry","Cuando la hija de Brian, (Tyler Perry) se escapa a una fiesta, en un campamento embrujado, Madea, Bam Hattie y Joe comienzan toda una travesía llena de miedo y diversión para traerla de regreso a casa, haciendo reír y asustando a todos los monstruos, duendes y fanáticos de la fiesta que se interponen en su camino.",2017,100,SAM13,"COMEDIA, DRAMA",SONIDO ENVOLVENTE 5.1
Las ventajas de ser invisible,"Drama protagonizado por Emma Watson y Ezra Miller, basado en la novela de Stephen Chbosky. Charlie siempre ha sido un introvertido, pero es forzado a salir de las sombras cuando conoce a Sam y a su hermanastro amante de la aventura Patrick. Juntos, el trío inicia un viaje de descubrimiento mientras exploran el amor, la sexualidad, la música y las fiestas salvajes.",2012,102,SAM13,"DRAMA, ROMÁNTICA",SONIDO ENVOLVENTE 5.1
Retornados,"Un virus zombi ha infectado a la humanidad, pero se puede curar con inyecciones diarias. Así que el caos surge cuando se sabe que quedan pocos suministros de inyecciones.",2014,98,SAM16,"DE TERROR, MISTERIO/SUSPENSO",SONIDO ENVOLVENTE 5.1
Grey Lady,"Después de que su compañera policía y amante, fuera asesinada en Boston, el detective de homicidios James Doyle (Eric Dane) sigue una pista puesta en las últimas palabras de ella hasta la remota isla de Nantucket para buscar a su asesino en la solitaria temporada baja.",2017,109,SAM16,MISTERIO/SUSPENSO,SONIDO ENVOLVENTE 5.1
Pasión inocente,"Megan, una esposa y madre, decide que la familia debe acoger a la estudiante de intercambio, Sophie.",2014,97,SAM16,"DRAMA, ROMÁNTICA",SONIDO ENVOLVENTE 5.1
El último cazador de brujas,El último cazador de brujas es la única barrera entre la humanidad y las fuerzas combinadas de las más terribles brujas de la historia.,2015,106,SAM13,"ACCIÓN, DE AVENTURAS",SONIDO ENVOLVENTE 5.1
Campamento del terror,"Cuatro jóvenes estadounidenses se apuntan como monitores en un campamento de verano en Europa. Al llegar, una extraña infección, que causa furia extrema, sumerge al grupo en una espiral de terror y locura",2015,84,SAM13,DE TERROR,SONIDO ENVOLVENTE 5.1
Lo que pasó recién,Un desesperado productor de películas intenta revivir su carrera moribunda y mantener su dignidad mientras lucha por lograr realizar su película durante un lapso de dos semanas.,2008,103,SAM16,"COMEDIA, DRAMA",ESTÉREO
La La Land: Una historia de amor,"Emma Stone y Ryan Gosling la protagonizan como Mia y Sebastian, una actriz y un músico de jazz que buscan alcanzar sus sueños en Hollywood y se encuentran uno al otro en una animada celebración de esperanza, sueños y amor.",2016,127,SAM13,"COMEDIA, DRAMA",SONIDO ENVOLVENTE 5.1
Más fuerte que el destino,"Más Fuerte que el Destino está inspirada en la historia de Jeff Bauman, un hombre ordinario quien capturó los corazones del mundo, para convertirse en un símbolo de esperanza, después de la infame explosión de bomba del Maratón de Boston del 2013.",2017,118,SAM16,DRAMA,SONIDO ENVOLVENTE 5.1
Jigsaw: El juego continúa,"Cadáveres se han estado apareciendo por toda la ciudad. Conforme la investigación avanza, las evidencias indican hacia un hombre: John Kramer. Pero ¿cómo puede ser esto? El hombre conocido como Jigsaw ha estado muerto por más de diez años.",2017,91,SAM16,DE TERROR,SONIDO ENVOLVENTE 5.1
Asesino: Misión venganza,"Stan Hurley, un veterano de la Guerra Fría, recluta y entrena a Mitch Rapp, cuya novia murió en un ataque terrorista. Con la colaboración de una letal agente turca, los tres deberán detener a un grupo terrorista antes de que inicien una guerra",2017,111,SAM16,ACCIÓN,SONIDO ENVOLVENTE 5.1
Father Figures,"Dos hermanos mellizos crecieron pensando que su padre había muerto, pero descubren que está vivo y emprenden un viaje para encontrarlo. No será sencillo, ya que su madre se acostó con muchos hombres poderosos y famosos en la década de 1970.",2017,112,SAM16,COMEDIA,SONIDO ENVOLVENTE 5.1
El árbol de Navidad,"Cuando la chica de la gran ciudad (Lacey Chabert) regresa para salvar la el vivero de árboles de su infancia, tal vez puede redescubrir más de lo que quería, incluyendo a su amor verdadero.",2014,87,ATP,"NAVIDEÑA, DRAMA",ESTÉREO
Venganza letal,"Un expresidiario tiene un único deseo: vengar el asesinato de su hermano, cometido durante un robo a un banco.",2010,97,SAM16,"ACCIÓN, CRIMEN",SONIDO ENVOLVENTE 5.1
La Cumbre Escarlata,"Cuando un extraño seductor le roba el corazón, una joven mujer se deja llevar hasta una casa en la cima de una montaña de arcilla color rojo sangre, un lugar lleno de secretos que la perseguirán por siempre.",2015,118,SAM16,"DRAMA, DE TERROR",SONIDO ENVOLVENTE 5.1
El Karate Kid,"Un adolescente aprende sobre la vida, la amistad y el coraje bajo la guía de un maestro de artes marciales.",1984,126,ATP,"ACCIÓN, DE AVENTURAS",SONIDO ENVOLVENTE 5.1
Dune,Ésta es la saga del guerrero Intergaláctico Paul Atreides y su ascenso mesiánico para conducir a su pueblo en su lucha por la supervivencia.,1984,136,SAM13,"DE CULTO, DRAMA",ESTÉREO
El Justiciero,Un ex-comando sale del retiro y pone sus habilidades especiales a trabajar para rescatar a una chica que está bajo el control de unos criminales rusos. What do you see when you look at me? Basada en la serie de televisión.,2014,131,SAM16,"ACCIÓN, DRAMA",SONIDO ENVOLVENTE 5.1
El duende 2,"Hace mil años, un duende malvado se frustra al intentar atrapar a una joven novia. Ahora, en 1994 en Los Ángeles, el duende está decidido a tomar a la hermosa descendiente de la mujer como su novia y dejará un rastro de carnicería haciéndolo.",1994,85,SAM16,"COMEDIA, FANTASÍA",ESTÉREO
The Grudge 2,Una joven mujer (Amber Tamblyn) descubre una terrible maldición mientras busca a su hermana (Sarah Michelle Gellar) desaparecida en Tokio.,2006,102,SAM13,"DE TERROR, SUSPENSO",ESTÉREO
Pandillas de Nueva York,"Tras años de encarcelamiento, el joven inmigrante irlandés Amsterdam Vallon (Leonardo DiCaprio) regresa, buscando venganza contra el líder de la pandilla rival que asesinó a su padre, William Cutting alias ""Bill el Carnicero"".",2002,166,SAM16,"CRIMEN, DRAMA",SONIDO ENVOLVENTE 5.1
Jerry Maguire: Amor y desafio,"Tom Cruise hace su mejor actuación hasta la fecha (Neil Rosen, NY-1) como representante deportivo que de repente descubre sus escrúpulos y en consecuencia pierde su trabajo.",1996,138,SAM13,"COMEDIA ROMÁNTICA, COMEDIA",SONIDO ENVOLVENTE 5.1
Halloween III: El imperio de las brujas,Un malvado fabricante de juguetes planea vender millones de máscaras que matarán a todos los niños que las usen la noche de Halloween.,1982,97,SAM16,"DE TERROR, MISTERIO",ESTÉREO
A conseguir trabajo,"Cuando Will se queda sin trabajo y a Jillian la despiden, la joven pareja y sus amigos deben soportar la humillación pública, novatadas y pruebas de dopaje sorpresa para poder iniciar sus carreras como principiantes.",2016,82,SAM13,"COMEDIA, COMEDIA ROMÁNTICA",SONIDO ENVOLVENTE 5.1
Empire State el gran robo del Bronx,"Un guardia de seguridad es convencido por su imprudente mejor amigo de robar la compañía para la cual trabaja, junto a una violenta banda criminal y un duro detective en su camino...¿Podrán escaparse de la cárcel o de un destino peor?",2013,94,SAM16,"ACCIÓN, CRIMEN",ESTÉREO
Rendirse jamás,"Un adolescente rebelde ingresa a una nueva escuela, donde se ve envuelto en la escena de la lucha clandestina. Ayudado por un especialista en artes marciales mixtas, se prepara para asumir su mayor desafío hasta ahora.",2008,113,SAM13,"ACCIÓN, CRIMEN",SONIDO ENVOLVENTE 5.1
No Hay Nada Como las Fiestas,Los distantes miembros de la familia Rodriguez se unen en la casa de sus padres para enfrentar lo que podría ser su última Navidad juntos en esta conmovedora comedia navideña.,2008,98,SAM13,"NAVIDEÑA, COMEDIA",ESTÉREO
La redada,"En el corazón de la poblada ciudad de Jakarta está el escondite de una pandilla de traficantes. Antes de amanecer un escuadrón de S.W.A.T llega para atrapar al líder, pero cuando la noticia de la redada se esparce, los habitantes del edificio no se detendrán para impedir el asalto y el escuadrón deberá encontrar la salida en la misión más mortal que jamás hayan tenido",2012,101,SAM16,"ACCIÓN, CRIMEN",SONIDO ENVOLVENTE 5.1
Enemigo invisible,"La coronel Katherine Powell dirige una misión secreta de drones para capturar a un grupo de terroristas que vive en una casa de seguridad en Narobi, Kenia. La situación escala de nivel cuando el piloto del drone se dirige a atacar se percata que una niña de 9 años entra en la zona de muerte. Powell contacta a sus superiores para tomar la dificil desición de seguir o detener la operación.",2016,102,SAM16,"DRAMA, MISTERIO/SUSPENSO",SONIDO ENVOLVENTE 5.1
De Tyler Perry: Las niñas de papá,"Una historia opuesta a la de Cenicienta, en la que una exitosa abogada (Union) se enamora de un mecánico (Elba) con problemas financieros y padre soltero de tres niñas.",2007,100,SAM13,"DRAMA, ROMÁNTICA",ESTÉREO
Belly,Dos mafiosos tienen una epifanía.,1998,95,SAM16,"CRIMEN, DRAMA",ESTÉREO
Anna Karenina,"La historia explora con fuerza la capacidad de amar del corazón humano. Anna (Knightley) duda de su felicidad y de su matrimonio, y los cambios se suceden a su alrededor.",2012,129,SAM16,"DRAMA, ROMÁNTICA",SONIDO ENVOLVENTE 5.1
La última puerta,Johnny Depp es contratado por un fiel satánico que se hace pasar por un erudito de la demonología para localizar dos escasos volúmenes de una invocación satánica.,1999,133,SAM16,"SOBRENATURAL, ACCIÓN",ESTÉREO
Baile caliente,"En 1963, Baby, de 17 años está de vacaciones con su familia en un centro turístico de la montaña cuando se siente atraída a los cuarteles del personal y su agitada música. Allí conoce a Johnny y se enamoran a pesar de las advertencias de todos.",1987,100,SAM13,"DANZA, DRAMA",ESTÉREO
Una esposa de mentira,Un hombre recurre a una mujer y a sus hijos para conquistar a la mujer de sus sueños.,2011,116,SAM13,"COMEDIA, ROMÁNTICA",SONIDO ENVOLVENTE 5.1
Caracortada,"Cuando Fidel Castro abrió la frontera para que los cubanos que tuviesen familia en Miami pudieran salir, 125 mil personas salieron de Cuba con sueños de libertad y de una nueva vida.",1983,169,SAM16,"ACCIÓN, CRIMEN",ESTÉREO
Noche de brujas,"En Halloween, Michael Myers aterroriza a una adolescente y sus amigos.",1978,91,SAM16,DE TERROR,ESTÉREO
Cubos,"Un grupo de seis completos extraños, de personalidades y orígenes muy variados, son puestos involuntariamente en un laberinto interminable que contiene trampas mortales. Sin recordar cómo llegaron al laberinto, deben encontrar una salida.",1997,90,SAM16,"DRAMA, FANTASÍA",ESTÉREO
Capitán Phillips,El capitán Richard Phillips intenta escapar de piratas armados somalíes mientras que la Marina de los Estados Unidos trata de rescatarlo.,2013,134,SAM13,"DRAMA, HISTORIA REAL",SONIDO ENVOLVENTE 5.1
American Pie: Tu primera vez,"¡Jamás volverá a ver un pastel de manzana igual! ""American Pie"" es una visión histérica de la meta de cuatro amigos de secundaria ""desafortunados en el amor"" que hacen el pacto final: perder la virginidad la noche del baile de graduación.",1999,95,SAM16,"COMEDIA, COMEDIA ROMÁNTICA",SONIDO ENVOLVENTE 5.1
Al borde del abismo,"Un ex policía, recientemente liberado de prisión, está parado en la cornisa de un edificio, amenazando con saltar. Mientras tanto, un enorme robo de joyas se está llevando a cabo cerca ¿hay más en la historia de lo que se ve a simple vista?",2012,102,SAM13,"ACCIÓN, CRIMEN",SONIDO ENVOLVENTE 5.1
Un Santa No Tan Santo,"Willie, un Santa acabado y bromista de un centro comercial que sólo trabaja por las oportunidades criminales. Este año, Santa y su elfo ven su asalto anual en peligro debido a un inadaptado de ocho años quien decide creer que Willie es el Santa verdadero.",2003,99,SAM16,"NAVIDEÑA, COMEDIA",SONIDO ENVOLVENTE 5.1
Cuenta regresiva,"Un maestro abre una cápsula del tiempo que ha sido desenterrada en la escuela primaria de su hijo, en ella hay algunas predicciones escalofriantes, algunas que ya han ocurrido y otras que están a punto de ocurrir, que le llevan a creer que su familia juega un papel en los acontecimientos que están a punto de desarrollarse.",2009,121,SAM13,"ACCIÓN, DRAMA",ESTÉREO
La Guardería de Papá,"Cuando los ejecutivos publicitarios Charlie y Phil pierden su trabajo intentando vender un cereal de desayuno con sabor a verduras, se convierten en los propietarios de la guardería Papá Canguro.",2003,92,ATP,"COMEDIA, FAMILIAR",SONIDO ENVOLVENTE 5.1
Xxx 2: Estado de emergencia,"En esta secuela llena de acción del éxito de taquilla xXx, Ice Cube interpreta a Darius Stone, un alborotador que busca emoción cuyos antecedentes penales y su obsesión por los deportes extremos lo convierten en el agente xXx más reciente.",2005,100,SAM16,"ACCIÓN, DE AVENTURAS",SONIDO ENVOLVENTE 5.1
Una vida por delante,"Un ranchero (Robert Redford) de Wyoming le da refugio a su sufrida nuera (Jennifer Lopez), cuyas heridas tardan un buen tiempo en sanar.",2005,107,SAM13,"DRAMA, FAMILIAR",ESTÉREO
Mi nombre es Tsotsi,"Un criminal convertido en asesino se da cuenta de que la mujer que asesinó dejó un bebé en el asiento trasero de su coche, y pronto se vuelve más apegado a él de lo que nunca pensó posible.",2005,94,SAM16,"CRIMEN, DRAMA",ESTÉREO
Crank: muerte anunciada,"Hoy es el último día de la vida del asesino a sueldo Chev Chelios. Le suministraron un veneno que lo matará si permite que su corazón se estabilice a un ritmo normal. Para mantenerse con vida y vengarse, Chev debe mantener su adrenalina elevada de cualquier manera posible.",2006,87,SAM16,"ACCIÓN, DRAMA",SONIDO ENVOLVENTE 5.1
Peligro en Bangkok,"Joe (Nicolas Cage) es un asesino profesional que llega a Bangkok para atender algunos asuntos. Inesperadamente se encuentra entrenando a una joven alumna. Luego, se enamora de una mujer que no tiene conocimiento de su verdadero trabajo.",2008,99,SAM16,"ACCIÓN, CRIMEN",SONIDO ENVOLVENTE 5.1
Educación básica,"Bienvenidos a la escuela primaria Geraldine Ferraro, donde los maestros están borrachos, son perezosos o psicóticos, todos los niños están abandonados y el vicedirector agotado Tom Willoman apenas resiste. Pero cuando la inspectora del distrito Rebecca Seabrook, cierra la escuela, ella y Tom diseñan un plan para recuperar las aulas del increíblemente corrupto director Billings.",2008,94,SAM16,COMEDIA,ESTÉREO
Plan de escape,"Ray Breslin, una de las principales autoridades del mundo en materia de seguridad estructural, acepta asumir un trabajo poco ortodoxo: salir de una instalación ultra secreta y de alta tecnología llamada la Tumba. Cuando acepta, se inserta en la prisión más secreta y segura del mundo, y necesitará la ayuda de un compañero preso llamado Emil Rottmayer.",2013,115,SAM16,ACCIÓN,SONIDO ENVOLVENTE 5.1
Rudo y Cursi : La vida es un volado,Los hermanos Beto (Diego Luna) y Tato (Gael García Bernal) Verdusco trabajan en un rancho platanero y juegan futbol en el equipo de su pueblo.,2008,101,SAM16,"COMEDIA, DRAMA",SONIDO ENVOLVENTE 5.1
Crepúsculo la saga: Luna Nueva,"A Bella se le parte el corazón cuando la familia Cullen decide mudarse para poner fin a su relación con el vampiro Edward. Ella busca consuelo en su amigo Jacob, y comienza a preguntarse si podrían ser algo más.",2009,130,SAM13,"DE AVENTURAS, DRAMA",SONIDO ENVOLVENTE 5.1
"Crepúsculo, la saga: Eclipse","Mientras una serie de misteriosos asesinatos se apodera de Seattle, Bella, cuya graduación de secundaria se acerca rápidamente, se ve obligada a elegir entre su amor por el vampiro Edward y su amistad con el hombre lobo Jacob.",2010,123,SAM13,"DE AVENTURAS, DRAMA",SONIDO ENVOLVENTE 5.1
RED: Retirados Extremadamente Duros,"Cuando un agente retirado de la CIA es el objetivo de un asesino mortal, llama a sus viejos amigos del trabajo en un intento de conocer la verdad mientras se mantiene alejado de las garras del misterioso enemigo.",2010,111,SAM13,"ACCIÓN, COMEDIA",SONIDO ENVOLVENTE 5.1
Dura verdad,"Durante su viaje en velero por España, una familia entera es secuestrada. Ahora, un joven de Wall Street debe enfrentar a las personas responsables: agentes de inteligencia del gobierno que buscan recuperar un maletín misterioso.",2012,93,SAM13,"ACCIÓN, MISTERIO/SUSPENSO",ESTÉREO
Red 2,"El ex agente de la CIA Frank Moses y su equipo de desafortunados héroes regresan para otra misión arriesgada, esta vez con la tarea de encontrar un arma nuclear peligrosa.",2013,115,SAM13,"ACCIÓN, COMEDIA",SONIDO ENVOLVENTE 5.1
Son como niños 2,"La secuela de Son como niños. Después de mudarse con su familia de regreso a su ciudad natal para estar con sus amigos y sus hijos, Lenny, descubre que entre los antiguos y los nuevos bravucones,conductores de autobús esquizofrénicos, policías borrachos sobre esquís y 400 colados a una fiesta de disfraces, a veces ocurren situaciones locas.",2013,100,SAM13,"SECUELA, COMEDIA",SONIDO ENVOLVENTE 5.1
Los juegos del hambre: Sinsajo - El final,"Jennifer Lawrence interpreta a Katniss Everdeen, que comenzó su viaje luchando por sobrevivir a los despiadados Juegos del Hambre, y dirigió la rebelión contra el tiránico presidente de Panem (Donald Sutherland).",2015,136,SAM13,"ACCIÓN, CIENCIA FICCIÓN",SONIDO ENVOLVENTE 5.1
Crepúsculo la saga: Amanecer – Parte 2,"En el quinto y último capítulo de la saga de Crepúsculo, el nacimiento del hijo de Bella y Edward enciende las fuerzas que amenazan con destruirlos a todos. Ahora, los Cullen deben conseguir la ayuda de amigos lejanos y antiguos enemigos, incluyendo la manada de lobos de Jacob, mientras las tensiones parecen dirigirse hacia una guerra total en la emocionante conclusión del fenómeno épico.",2012,115,SAM13,"DE AVENTURAS, DRAMA",ESTÉREO
Divergente,"En el futuro, una adolescente aprende que es una ""Divergente"". Cuando se entera del complot de un malvado líder para asesinar a todos los divergentes se embarca en una búsqueda frenética para saber la verdad sobre sí misma.",2014,139,SAM13,"ACCIÓN, DE AVENTURAS",SONIDO ENVOLVENTE 5.1
Decisión final,"En el día del Draft de la NFL, el gerente general de los Cafés de Cleveland debe decidir que es lo que está dispuesto a sacrificar mientras busca al seleccionado número uno.",2014,109,SAM13,"DRAMA, DEPORTES",ESTÉREO
Divergente la serie: Insurgente,"Los fugitivos Tris y Four buscan aliados y respuestas entre las ruinas de Chicago mientras tratan de evadir desesperadamente a Jeanine, líder de los Eruditos. Basada en la novela de Veronica Roth",2015,118,SAM13,"ACCIÓN, DE AVENTURAS",SONIDO ENVOLVENTE 5.1
El grito 3,Un doctor (Shawnee Smith) necesita la ayuda de una misteriosa mujer japonesa para combatir a dos fantasmas vengativos.,2009,90,SAM16,"DE TERROR, MISTERIO",ESTÉREO
Fenómeno siniestro 2,"Un año después de que un equipo de filmación pasara una noche fatal en el Hospital Psiquiátrico Collingwood, un nuevo equipo vuelve a los pasillos en busca de la verdad. Es decir, si queda alguien vivo para contarlo.",2012,99,SAM16,DE TERROR,ESTÉREO
Lo imposible,"Esta película aclamada por la por Naomi Watts y Ewan McGregor está basada en la verdadera historia de una familia atrapada en una de las peores catástrofes naturales de nuestro tiempo, el tsunami del 2004, que devastó el sudeste asiático.",2012,113,SAM13,"DRAMA, MISTERIO/SUSPENSO",SONIDO ENVOLVENTE 5.1
Sin escalas,Un Comisario aéreo usa su astucia con un terrorista americano amargado que amenaza con matar a un pasajero cada 20 minutos a menos que el Comisario se suicide.,2014,106,SAM13,ACCIÓN,SONIDO ENVOLVENTE 5.1
Los ilusionistas: Nada es lo que parece,"Un thriller de misterio protagonizado por Mark Ruffalo y Woody Harrelson. Cuatro magos talentosos son sacados del anonimato para convertirse en los Cuatro Jinetes, un grupo de ilusionistas de escenario que pronto atraerán la atención del FBI.",2013,115,SAM13,"ACCIÓN, DE AVENTURAS",SONIDO ENVOLVENTE 5.1
Después Del Sexo,"¿De qué hablamos cuando el sexo termina? Conoce a ocho parejas -heterosexuales y gays, vírgenes y extraños, amantes, mentirosos, engañadores y swingers.",2007,77,SAM16,"COMEDIA, DRAMA",ESTÉREO
Halloween 4: el regreso de Michael Myers,"Hace diez años, cambió la manera de vivir el día de brujas. Esta noche...¡él está de vuelta!",1988,88,SAM16,DE TERROR,ESTÉREO
Halloween 5: la venganza de Michael Myers,"Los ciudadanos de Haddonfield, Illinois, están a punto de soportar la venganza de Michael Myers, ya que el presunto asesino muerto ha vuelto para a matar de nuevo. Protagonizada por Donald Pleasance y Danielle Harris.",1989,97,SAM16,DE TERROR,ESTÉREO
Lugares oscuros,"Charlize Theron, Nicholas Hoult, Cholë Grace Moretz y Christina Hendricks protagonizan este thriller de misterio, basado en la novela de Gillian Flynn (Perdida).",2015,113,SAM16,"CRIMEN, MISTERIO",SONIDO ENVOLVENTE 5.1
Crímenes ocultos,Un agente soviético caído en desgracia descubre una conexión entre una serie de asesinatos infantiles y el líder de un partido. Those who seek the truth will be silenced. Basada en una novela de Tom Rob Smith.,2015,137,SAM16,"CRIMEN, DRAMA",SONIDO ENVOLVENTE 5.1
Dónde Está El Dinero,"Un joven de agudo intelecto, proveniente de las calles de South Central, debe ser reclutado en una fraternidad elitista en USC para recuperar dinero robado.",2017,85,SAM16,COMEDIA,SONIDO ENVOLVENTE 5.1
Punto ciego,Los amigos de toda la vida Daveed Diggs y Rafael Casal coescribieron y protagonizaron esta entretenida historia sobre las interacciones de las razas y clases en una Oakland en rápido crecimiento.,2018,95,SAM16,"COMEDIA, DRAMA",SONIDO ENVOLVENTE 5.1
El contratista,"Elizabeth Chase es una esposa comprensiva y una madre amorosa. Su trabajo en uno de los principales hospitales infantiles de Los Ángeles la tiene bastante ocupada estos días. Además, la crianza de su hija McKenzie, consume todo su tiempo.",2013,88,SAM13,SUSPENSO,SONIDO ENVOLVENTE 5.1
Ladrones,El legendario ladrón Alejandro Toledo regresa a sus raíces con un nuevo socio para reclamar tierras robadas a una comunidad humilde por una despiadada familia de ladrones.,2015,97,SAM13,"ACCIÓN, COMEDIA",SONIDO ENVOLVENTE 5.1
Power Rangers,Saban’s Power Rangers cuenta la historia de cinco adolescentes de lo más ordinario que deben convertirse en algo extraordinario al enterarse que su pueblito de Angel Grove – y el mundo – están a punto de ser aniquilados por una amenaza extraterrestre.,2017,123,SAM13,"ACCIÓN, DE AVENTURAS",SONIDO ENVOLVENTE 5.1
¡Competencia en la cocina!,Una madre soltera que sueña con una vida mejor y ama cocinar encuentra el camino al éxito cuando su hijo la insribe en una competencia de gastronomía.,2017,98,ATP,"COMEDIA, ROMÁNTICA",SONIDO ENVOLVENTE 5.1
El castillo de cristal,"Aventuras extravagantes de una familia resiliente y unida encabezan El castillo de cristal, una extraordinaria historia de amor incondicional.",2017,126,SAM13,DRAMA,SONIDO ENVOLVENTE 5.1
Una Navidad a la moda real,"Kristin Cooper, la guapa y talentosa asistente de una firma global de relaciones públicas, es puesta a cargo del Desfile de Moda y Subasta Navideña anual para el empresario de ropa, Sr. Carson.",2018,86,ATP,"NAVIDEÑA, COMEDIA",SONIDO ENVOLVENTE 5.1
UNA BODA PARA NAVIDAD,Haley Foster escapó de su infancia en un pequeño pueblo en Pineridge y construyó una gran vida en la ciudad de Los Ángeles como una de las mejores planificadoras de bodas en una poderosa compañía de elite dirigida por la Sra. Reynolds.,2018,88,ATP,"NAVIDEÑA, COMEDIA ROMÁNTICA",SONIDO ENVOLVENTE 5.1
Best F(r)iends: Volume Two,"Un vagabundo se hace amigo de un extravagante director de funeraria, y pronto, forman una sociedad, aunque una que poco tiene de comercial. La locura no tarda en surgir, pero estos hombres se verán forzados a sobrellevar las cosas a través de la amistad y la lealtad.",2018,93,SAM16,COMEDIA,SONIDO ENVOLVENTE 5.1
La maldición de Blackwood,"Cinco adolescentes emocionalmente frágiles son enviadas a Blackwood, una misteriosa escuela para niñas superdotadas y perturbadas.",2018,96,SAM13,"DRAMA, FANTASÍA",SONIDO ENVOLVENTE 5.1
La maldición de la casa Winchester,"El bebé y el marido (William Wirt Winchester) de Sarah Winchester, heredera de la compañía de rifles Winchester, mueren repentinamente. Debido a ello, cree estar maldita por toda la muerte causada por los rifles, por lo que acude a una médium, quien le aconseja construirse una casa en San José, California, la cual nunca debe finalizarse, para que los espíritus que regresan no puedan hallarla.",2018,99,SAM13,"BIOGRÁFICA, FANTASÍA",SONIDO ENVOLVENTE 5.1
Golpe en londres,"Un atraco a un banco sale mal y alguien es asesinado, pero las cosas pueden no ser lo que parecen.",2017,95,SAM16,ACCIÓN,ESTÉREO
Si Solo Pudiera Imaginar,"Bart Millard es el líder de la banda cristiana MercyMe, que pierde a su padre por un cáncer. Este trágico suceso le inspira a escribir una canción que tiene gran éxito llamada I Can Only Imagine y en la que se inspira está dramática historia.",2018,110,ATP,"DRAMA, FAMILIAR",SONIDO ENVOLVENTE 5.1
Best F(r)iends: Volume 1,"El dúo dinámico detrás de THE ROOM y THE DISASTER ARTIST (Tommy Wiseau y Greg Sestero) vuelven a encontrarse después de 15 años en este nuevo clásico de culto. Cuando un vagabundo (Sestero) se hace amigo del extravagante encargado de una funeraria (Wiseau), se forma una rara sociedad comercial. Esto pronto da lugar a la paranoia, y ambos deberán aceptar la fragilidad de la amistad y la lealtad.",2018,103,SAM16,COMEDIA,SONIDO ENVOLVENTE 5.1
Testigo de cargo,"La historia está ambientada en el Londres de la década de 1920 y se centra en un asesinato, ""brutal y sanguinario"", que ha ""manchado las lujosas alfombras de una hermosa casa de Londres"".",2017,117,SAM16,"CRIMEN, DRAMA",SONIDO ENVOLVENTE 5.1
El legado,"Un exconvicto recientemente liberado y su hermano menor, adoptivo, se ven obligados a huir. Al ser perseguidos por un criminal vengativo, los federales y un grupo de soldados de otro mundo, encontraron su única protección: un arma de ascendenciamisteriosa.",2018,102,SAM13,"ACCIÓN, CIENCIA FICCIÓN",SONIDO ENVOLVENTE 5.1
Navidad empaquetada,"Candace Cameron Bure protagoniza Navidad empaquetada, como la doctora Lauren Burnell que acepta una posición en Alaska después de perder a su novio y prestigioso compañero de cirugía, sólo para luego darse cuenta que es en un diminuto hospital en un pueblito.",2014,86,ATP,"NAVIDEÑA, DRAMA",ESTÉREO
Make your move,"Make your move trata de una joven bailarina coreana, Aya (BoA), que vive en Nueva York y dirige su grupo de baile femenino Cobu. Aya se enamora de Donny (Derek Hough), un valiente y atrevido bailarín que se muda de Nueva Orleans a Nueva York para ayudar a su hermanastro, Nick (Wesley Jonathan), a dirigir uno de los clubes de baile más populares de la ciudad.",2014,109,SAM13,"DRAMA, MUSICAL",ESTÉREO
Querido Santa Secreto,"Tatyana Ali estelariza en esta película llena de estrellas, incluyendo a Jordin Sparks, Ernie Hudson y Della Reese. ¡Es un reconfortante romance navideño!",2013,89,ATP,"NAVIDEÑA, DRAMA",ESTÉREO
Ranchero,"Este crudo drama estelarizado por Danny Trejo (MACHETE) sigue la vida de dos fracasados hombres de mediana edad y su batalla con las drogas, las pandillas y los sueños rotos en un miserable barrio de Los Ángeles.",2011,94,SAM16,DRAMA,ESTÉREO
"Posdata, te amo",Una viuda (Hilary Swank) apenada encuentra una serie de mensajes que le dejó su marido fallecido para ayudarle a disminuir su dolor y alentarla a iniciar una nueva vida por sí misma.,2007,125,SAM13,"COMEDIA, DRAMA",SONIDO ENVOLVENTE 5.1
Una Navidad a la medida,"Este año Steven acogerá a su familia durante la Navidad, por lo que contrata a una organizadora de eventos para que le ayude a planear su fiesta familiar.",2018,84,ATP,"NAVIDEÑA, FAMILIAR",SONIDO ENVOLVENTE 5.1
El sabotaje,"Un equipo de élite de la agencia antidroga norteamericana (DEA) aprovecha una operación contra un cártel para apoderarse de un botín de varios millones de dólares; poco después, alguien empieza a eliminar a los miembros del grupo para quedarse con todo el dinero.",2014,109,SAM16,"ACCIÓN, CRIMEN",SONIDO ENVOLVENTE 5.1
Ouija: El origen del mal,"En Ouija: El origen del mal, la secuela del éxito inesperado del 2014, un grupo de ilusos amigos debe confrontar sus más terribles miedos cuando desatan un mal del más allá que sólo ellos pueden mandar de regreso.",2016,98,SAM13,DE TERROR,SONIDO ENVOLVENTE 5.1
